{"accuracy": [0.7633658051490784, 0.7608655095100403, 0.7619693875312805, 0.7713054418563843, 0.7669965028762817, 0.7694036364555359, 0.7666906118392944, 0.7636982798576355, 0.7626742124557495, 0.7649750113487244, 0.7624747157096863, 0.7644829154014587, 0.7712655663490295, 0.7594823837280273, 0.7605064511299133, 0.7719570994377136, 0.7675683498382568, 0.7685791254043579, 0.7646158933639526, 0.7659591436386108, 0.7650015950202942, 0.7649883031845093, 0.7681801319122314, 0.7684195041656494, 0.7690578699111938, 0.7670496702194214, 0.7701351046562195, 0.7673555612564087, 0.7705739736557007, 0.7693637609481812, 0.7734067440032959, 0.7742047309875488, 0.7744972705841064, 0.7673954963684082, 0.7689647674560547, 0.7703080177307129, 0.7731673717498779], "auc": [0.8731811046600342, 0.8719646334648132, 0.8728787899017334, 0.8724121451377869, 0.8722212910652161, 0.8728741407394409, 0.8729956150054932, 0.8750345706939697, 0.8740620017051697, 0.8762162327766418, 0.8727359175682068, 0.8744945526123047, 0.8752288222312927, 0.8726369738578796, 0.8749549984931946, 0.8754914402961731, 0.8748669624328613, 0.8737513422966003, 0.8756235837936401, 0.8760856986045837, 0.8753161430358887, 0.8748863339424133, 0.8738887906074524, 0.8740790486335754, 0.8719324469566345, 0.8736910820007324, 0.8774173855781555, 0.8749123811721802, 0.8728997111320496, 0.875914454460144, 0.875208854675293, 0.8749024271965027, 0.8735900521278381, 0.8750742673873901, 0.8741599321365356, 0.8748714327812195, 0.8749397397041321], "loss": [0.44373980164527893, 0.4445416033267975, 0.4446686804294586, 0.44542643427848816, 0.44510313868522644, 0.4446859359741211, 0.44435223937034607, 0.43994131684303284, 0.4413439631462097, 0.43745869398117065, 0.4445951581001282, 0.4405406415462494, 0.4404485523700714, 0.4449179470539093, 0.44153234362602234, 0.44044163823127747, 0.44077879190444946, 0.4421417713165283, 0.43916282057762146, 0.43947842717170715, 0.44021913409233093, 0.440280020236969, 0.44329050183296204, 0.441525936126709, 0.4458233714103699, 0.4422532021999359, 0.43554210662841797, 0.44112733006477356, 0.4446445107460022, 0.43854445219039917, 0.4404227137565613, 0.4405936300754547, 0.4436004161834717, 0.4395669400691986, 0.4417559802532196, 0.4417053163051605, 0.4412006437778473], "precision": [0.09346037358045578, 0.09192315489053726, 0.09240341931581497, 0.09585060179233551, 0.0932612270116806, 0.0946856290102005, 0.09383590519428253, 0.09353981167078018, 0.09350352734327316, 0.09426551312208176, 0.09237407147884369, 0.09336055815219879, 0.09657321125268936, 0.09218621999025345, 0.09313800930976868, 0.09640892595052719, 0.09498094022274017, 0.09411325305700302, 0.09442935138940811, 0.09467487037181854, 0.0937221348285675, 0.0945252776145935, 0.09426534920930862, 0.09470099955797195, 0.09498666971921921, 0.09465672820806503, 0.09635013341903687, 0.0950290858745575, 0.0953071340918541, 0.09557843208312988, 0.09662884473800659, 0.0966370552778244, 0.0964888334274292, 0.09444355964660645, 0.09516704827547073, 0.09589847922325134, 0.09644697606563568], "recall": [0.8245291709899902, 0.8176389336585999, 0.818557620048523, 0.8180983066558838, 0.8079926371574402, 0.8135048151016235, 0.8153421878814697, 0.8240697979927063, 0.8277446031570435, 0.8268259167671204, 0.8162609338760376, 0.8190169930458069, 0.8259072303771973, 0.8259072303771973, 0.8323380947113037, 0.821313738822937, 0.8240697979927063, 0.8107487559318542, 0.8300413489341736, 0.8272852301597595, 0.8208543658256531, 0.8295819759368896, 0.8139641880989075, 0.8176389336585999, 0.8180983066558838, 0.822691798210144, 0.8282039761543274, 0.8254478573799133, 0.8153421878814697, 0.8231511116027832, 0.8176389336585999, 0.8144235014915466, 0.8116674423217773, 0.8190169930458069, 0.8203950524330139, 0.822691798210144, 0.8167202472686768], "val_accuracy": [0.8195116519927979, 0.8243523836135864, 0.8223309516906738, 0.8137134909629822, 0.8142986297607422, 0.8062663078308105, 0.8263205289840698, 0.7699877619743347, 0.8170115351676941, 0.7872227430343628, 0.8288207054138184, 0.8447789549827576, 0.8133411407470703, 0.8012660145759583, 0.8222245573997498, 0.8114793300628662, 0.8140326738357544, 0.7953082323074341, 0.8241395950317383, 0.7848289608955383, 0.8243523836135864, 0.8471195101737976, 0.803180992603302, 0.8170115351676941, 0.8286079168319702, 0.81339430809021, 0.83392733335495, 0.8136070966720581, 0.8098303079605103, 0.8216394782066345, 0.8251502513885498, 0.826533317565918, 0.8457896709442139, 0.8116921186447144, 0.834618866443634, 0.8194584846496582, 0.8034470081329346], "val_auc": [0.8756535053253174, 0.8733251094818115, 0.8749774694442749, 0.865954577922821, 0.8708592653274536, 0.8674224019050598, 0.8666051030158997, 0.8648087978363037, 0.8660613894462585, 0.870037317276001, 0.8754595518112183, 0.8722413778305054, 0.8747828602790833, 0.8730309009552002, 0.8766194581985474, 0.8713705539703369, 0.8737101554870605, 0.867446780204773, 0.8704450726509094, 0.8570432066917419, 0.8762755990028381, 0.8727090358734131, 0.8703962564468384, 0.8598175644874573, 0.8760870099067688, 0.8664200901985168, 0.8695833086967468, 0.8733561038970947, 0.8741352558135986, 0.8682708144187927, 0.8723266124725342, 0.8772305250167847, 0.8792597651481628, 0.8694233298301697, 0.8685969710350037, 0.8762552738189697, 0.8736661076545715], "val_loss": [0.36616191267967224, 0.3540673851966858, 0.3748510479927063, 0.3733164966106415, 0.3873637318611145, 0.37970611453056335, 0.3538669943809509, 0.41767361760139465, 0.3576514720916748, 0.3997841477394104, 0.37125349044799805, 0.34377241134643555, 0.37262722849845886, 0.383456289768219, 0.3642156720161438, 0.3759254515171051, 0.3881620168685913, 0.4210432469844818, 0.35111358761787415, 0.3902072310447693, 0.34843000769615173, 0.31193727254867554, 0.39510872960090637, 0.3688086271286011, 0.35460880398750305, 0.380576491355896, 0.3384586274623871, 0.37209588289260864, 0.38481172919273376, 0.3668089807033539, 0.3691394031047821, 0.37350091338157654, 0.3284892439842224, 0.38860031962394714, 0.3425508737564087, 0.37827733159065247, 0.4011317491531372], "val_precision": [0.11238095164299011, 0.11372549086809158, 0.11572292447090149, 0.10664893686771393, 0.1084241271018982, 0.10464522987604141, 0.112724170088768, 0.09319844841957092, 0.10758807510137558, 0.09944367408752441, 0.1175629273056984, 0.12460467964410782, 0.11017617583274841, 0.10455896705389023, 0.11310840398073196, 0.1085594967007637, 0.11034847050905228, 0.10058026760816574, 0.11316526681184769, 0.0956340953707695, 0.1143736019730568, 0.12612323462963104, 0.1027190312743187, 0.10609357804059982, 0.11677160859107971, 0.1083509549498558, 0.11682520806789398, 0.10867266356945038, 0.10870126634836197, 0.11040221899747849, 0.11485537886619568, 0.1157001405954361, 0.12701931595802307, 0.10723649710416794, 0.11474917083978653, 0.11192810535430908, 0.10543450713157654], "val_recall": [0.7591911554336548, 0.7463235259056091, 0.7738970518112183, 0.7371323704719543, 0.75, 0.7536764740943909, 0.7279411554336548, 0.7959558963775635, 0.7297794222831726, 0.7886029481887817, 0.7555146813392639, 0.7242646813392639, 0.7702205777168274, 0.7757353186607361, 0.751838207244873, 0.7647058963775635, 0.7683823704719543, 0.7647058963775635, 0.7426470518112183, 0.7610294222831726, 0.751838207244873, 0.7224264740943909, 0.75, 0.716911792755127, 0.75, 0.7536764740943909, 0.7224264740943909, 0.7555146813392639, 0.7738970518112183, 0.7316176295280457, 0.751838207244873, 0.751838207244873, 0.7371323704719543, 0.751838207244873, 0.7022058963775635, 0.7555146813392639, 0.7738970518112183]}